year,sentiment,movie_count,convo_tot,mm_conv,mf_conv,ff_conv
1920,0.048629412,2,,,,
1930,0.094003102,16,,,,
1940,0.081243095,15,,,,
1950,0.079259041,17,,,,
1960,0.091171718,19,,,,
1970,0.084674975,51,,,,
1980,0.076698636,108,,,,
1990,0.065147274,244,,,,
2000,0.065211357,144,,,,
2010,0.140066015,1,,,,